{
  "coefficients": [
    [
      0.07834061976434702,
      -2.2231568125658328,
      -0.7699908316869477,
      0.0,
      0.3133780865951741,
      -6.1489318581824,
      -2.4542667279191863,
      -0.4406702417902246,
      0.3155877186497218,
      -0.9924372349807534,
      -0.610064129747509
    ]
  ],
  "intercept": [
    4.964768729703387
  ],
  "classes": [
    0,
    1
  ],
  "columns": [
    "loyalty_member",
    "is_recently_active",
    "is_slipping_away",
    "is_happy_lurker",
    "browsing_frequency_per_week_percentile",
    "satisfaction_score_percentile",
    "total_purchases_percentile",
    "avg_order_value_percentile",
    "website_visits_last_month_percentile",
    "email_open_rate_percentile",
    "return_rate_percentile"
  ],
  "threshold": 0.5663046592731703,
  "median_days": 44.0,
  "median_browsing": 15.605,
  "scaled_features": [],
  "model_type": "LogisticRegression"
}